Damper Lab,,,
Wed 16 Sep 2015 - 14/29/29,,,
Sample Frequency (S/s): 1000.0,,,
Sample Seconds: 2.00,,,
,,,
Scale:,0.4952,10,1
Offset:,-0.4125,-1.365,0.007
Force:,Displacement:,Velocity:,
-0.71456,9.35312,-1.28141,
-0.72423,9.3043,-1.30583,
-0.73148,9.20664,-1.31559,
-0.73874,9.10898,-1.32048,
-0.74357,9.06016,-1.32536,
-0.74841,8.9625,-1.32536,
-0.75566,8.86484,-1.32536,
-0.76292,8.81602,-1.33024,
-0.76775,8.71836,-1.34001,
-0.77017,8.66953,-1.34977,
-0.77259,8.57187,-1.36442,
-0.77984,8.47422,-1.3986,
-0.78468,8.37656,-1.43278,
-0.78952,8.32773,-1.45231,
-0.79193,8.23008,-1.45231,
-0.79677,8.13242,-1.44743,
-0.79919,8.03477,-1.44255,
-0.8016,7.93711,-1.44255,
-0.8016,7.88828,-1.44255,
-0.80402,7.79063,-1.44743,
-0.80644,7.69297,-1.46696,
-0.80886,7.59531,-1.49137,
-0.81128,7.54648,-1.52067,
-0.81369,7.44883,-1.5402,
-0.81853,7.35117,-1.54997,
-0.82337,7.25352,-1.55973,
-0.8282,7.15586,-1.54997,
-0.83304,7.0582,-1.53044,
-0.83787,6.96055,-1.51091,
-0.84513,6.86289,-1.51091,
-0.84996,6.76523,-1.52067,
-0.85722,6.66758,-1.54509,
-0.86205,6.56992,-1.56462,
-0.86689,6.47227,-1.58903,
-0.87414,6.37461,-1.61345,
-0.8814,6.32578,-1.63786,
-0.88623,6.22813,-1.64274,
-0.89349,6.08164,-1.63786,
-0.90316,6.03281,-1.62809,
-0.91041,5.93516,-1.61345,
-0.92009,5.8375,-1.60368,
-0.92734,5.73984,-1.5988,
-0.93701,5.59336,-1.60368,
-0.94427,5.4957,-1.61833,
-0.95394,5.39805,-1.63786,
-0.96119,5.34922,-1.65739,
-0.96844,5.20273,-1.67204,
-0.9757,5.10508,-1.68669,
-0.98537,5.00742,-1.69645,
-0.99504,4.90977,-1.70622,
-1.0023,4.81211,-1.70134,
-1.00955,4.71445,-1.69645,
-1.01922,4.6168,-1.6818,
-1.02889,4.51914,-1.6818,
-1.03857,4.42148,-1.68669,
-1.04824,4.275,-1.69645,
-1.05549,4.17734,-1.70622,
-1.06275,4.07969,-1.71598,
-1.07,3.98203,-1.73552,
-1.07725,3.88438,-1.75505,
-1.08693,3.78672,-1.75993,
-1.09418,3.68906,-1.75505,
-1.10143,3.54258,-1.7404,
-1.11111,3.44492,-1.73552,
-1.11836,3.34727,-1.73063,
-1.12561,3.24961,-1.73063,
-1.13528,3.10313,-1.72575,
-1.14012,3.00547,-1.72575,
-1.14737,2.90781,-1.74528,
-1.15221,2.81016,-1.7697,
-1.15946,2.7125,-1.79411,
-1.16672,2.61484,-1.80876,
-1.17397,2.51719,-1.80876,
-1.17881,2.41953,-1.80876,
-1.18364,2.27305,-1.80387,
-1.1909,2.17539,-1.79899,
-1.19815,2.07773,-1.78434,
-1.20057,1.98008,-1.76481,
-1.20541,1.88242,-1.75505,
-1.21024,1.73594,-1.75505,
-1.2175,1.63828,-1.7697,
-1.22233,1.54063,-1.79411,
-1.22475,1.44297,-1.81852,
-1.22959,1.34531,-1.83317,
-1.23442,1.24766,-1.83805,
-1.23926,1.10117,-1.84294,
-1.24168,1.05234,-1.83805,
-1.24409,0.90586,-1.82341,
-1.24651,0.8082,-1.80387,
-1.25135,0.71055,-1.78434,
-1.25377,0.61289,-1.77458,
-1.25618,0.46641,-1.7697,
-1.26102,0.36875,-1.77946,
-1.26344,0.22227,-1.79899,
-1.26586,0.17344,-1.81852,
-1.26586,0.02695,-1.82829,
-1.26827,-0.0707,-1.82829,
-1.26827,-0.16836,-1.82829,
-1.27069,-0.31484,-1.82341,
-1.26827,-0.4125,-1.81364,
-1.26827,-0.51016,-1.80876,
-1.27069,-0.60781,-1.79899,
-1.27311,-0.70547,-1.79411,
-1.27311,-0.85195,-1.78923,
-1.27311,-0.90078,-1.77946,
-1.27311,-1.04727,-1.77946,
-1.27311,-1.14492,-1.78923,
-1.27553,-1.29141,-1.80387,
-1.27311,-1.38906,-1.81364,
-1.27069,-1.48672,-1.81364,
-1.26586,-1.58437,-1.80876,
-1.26586,-1.73086,-1.80876,
-1.26586,-1.82852,-1.80387,
-1.26586,-1.92617,-1.78923,
-1.26586,-2.02383,-1.77458,
-1.26344,-2.12148,-1.75016,
-1.26102,-2.26797,-1.74528,
-1.2586,-2.36562,-1.75016,
-1.2586,-2.46328,-1.7697,
-1.25618,-2.60977,-1.77946,
-1.25377,-2.65859,-1.78434,
-1.24893,-2.80508,-1.77946,
-1.24409,-2.90273,-1.77946,
-1.24168,-3.00039,-1.78434,
-1.23926,-3.14687,-1.78923,
-1.23442,-3.24453,-1.77458,
-1.232,-3.34219,-1.75016,
-1.22717,-3.43984,-1.73063,
-1.22233,-3.5375,-1.72087,
-1.2175,-3.63516,-1.72087,
-1.21266,-3.78164,-1.71598,
-1.20782,-3.8793,-1.71598,
-1.20299,-3.97695,-1.72575,
-1.19815,-4.07461,-1.73552,
-1.1909,-4.17227,-1.7404,
-1.18606,-4.26992,-1.73552,
-1.18123,-4.36758,-1.72575,
-1.17639,-4.46523,-1.7111,
-1.16914,-4.61172,-1.70134,
-1.1643,-4.70937,-1.6818,
-1.15705,-4.80703,-1.66716,
-1.15221,-4.90469,-1.66716,
-1.14254,-5.00234,-1.66716,
-1.1377,-5.1,-1.66716,
-1.13045,-5.19766,-1.66227,
-1.12319,-5.29531,-1.66227,
-1.11352,-5.39297,-1.66716,
-1.10627,-5.53945,-1.67204,
-1.09902,-5.63711,-1.66227,
-1.08934,-5.73477,-1.64274,
-1.07967,-5.83242,-1.62809,
-1.07242,-5.93008,-1.62321,
-1.06275,-6.02773,-1.61833,
-1.05549,-6.12539,-1.61345,
-1.04582,-6.22305,-1.60368,
-1.03615,-6.3207,-1.5988,
-1.02648,-6.41836,-1.58903,
-1.0168,-6.51602,-1.58415,
-1.00471,-6.61367,-1.5695,
-0.99504,-6.6625,-1.5695,
-0.98537,-6.80898,-1.56462,
-0.9757,-6.90664,-1.55485,
-0.96603,-6.95547,-1.53532,
-0.95635,-7.05312,-1.52067,
-0.94427,-7.15078,-1.51579,
-0.93218,-7.24844,-1.51091,
-0.9225,-7.34609,-1.50602,
-0.91283,-7.44375,-1.49626,
-0.89832,-7.54141,-1.48649,
-0.88382,-7.63906,-1.48649,
-0.87173,-7.73672,-1.48649,
-0.86205,-7.83437,-1.48649,
-0.85238,-7.8832,-1.46696,
-0.83787,-7.98086,-1.44255,
-0.82578,-8.07852,-1.42302,
-0.81128,-8.12734,-1.41325,
-0.79919,-8.225,-1.40837,
-0.7871,-8.32266,-1.3986,
-0.77259,-8.42031,-1.38395,
-0.75808,-8.51797,-1.35954,
-0.74357,-8.61563,-1.34001,
-0.73148,-8.66445,-1.33512,
-0.72181,-8.76211,-1.33512,
-0.70972,-8.85977,-1.33512,
-0.69763,-8.90859,-1.32048,
-0.68312,-9.00625,-1.30583,
-0.67345,-9.10391,-1.29606,
-0.66136,-9.15273,-1.30095,
-0.65169,-9.25039,-1.30095,
-0.63718,-9.29922,-1.28141,
-0.62268,-9.39688,-1.24235,
-0.60817,-9.4457,-1.21305,
-0.5985,-9.54336,-1.20329,
-0.58641,-9.59219,-1.19841,
-0.57915,-9.68984,-1.18376,
-0.56706,-9.7875,-1.15934,
-0.55497,-9.83633,-1.13981,
-0.5453,-9.93398,-1.12516,
-0.53805,-9.98281,-1.12516,
-0.52837,-10.08047,-1.1154,
-0.5187,-10.1293,-1.10075,
-0.50661,-10.17813,-1.08122,
-0.49694,-10.27578,-1.06657,
-0.48969,-10.32461,-1.0568,
-0.48243,-10.37344,-1.04216,
-0.47276,-10.42227,-1.02751,
-0.46309,-10.51992,-1.00309,
-0.45584,-10.56875,-0.97868,
-0.44616,-10.66641,-0.96403,
-0.44133,-10.71523,-0.94938,
-0.43166,-10.76406,-0.92985,
-0.42198,-10.81289,-0.90544,
-0.41231,-10.86172,-0.87614,
-0.40264,-10.95938,-0.84684,
-0.39297,-10.95938,-0.8322,
-0.38571,-11.0082,-0.82243,
-0.37846,-11.05703,-0.80778,
-0.36637,-11.15469,-0.77848,
-0.3567,-11.20352,-0.75407,
-0.34703,-11.20352,-0.73942,
-0.34219,-11.30117,-0.73942,
-0.33494,-11.30117,-0.73454,
-0.32527,-11.39883,-0.70524,
-0.31076,-11.39883,-0.67106,
-0.29867,-11.44766,-0.65153,
-0.29141,-11.49648,-0.64177,
-0.28416,-11.54531,-0.64177,
-0.27449,-11.59414,-0.62223,
-0.2624,-11.59414,-0.59294,
-0.25273,-11.64297,-0.57341,
-0.24547,-11.6918,-0.56852,
-0.24064,-11.74063,-0.56364,
-0.23096,-11.74063,-0.54411,
-0.21887,-11.78945,-0.50993,
-0.20678,-11.83828,-0.48063,
-0.19953,-11.83828,-0.46598,
-0.19228,-11.88711,-0.4611,
-0.18261,-11.88711,-0.45134,
-0.17293,-11.93594,-0.42204,
-0.16084,-11.93594,-0.38786,
-0.15359,-11.98477,-0.36345,
-0.14634,-11.98477,-0.35856,
-0.13908,-11.98477,-0.3488,
-0.12941,-12.03359,-0.32438,
-0.11732,-12.08242,-0.29509,
-0.10765,-12.08242,-0.26579,
-0.10039,-12.08242,-0.25114,
-0.09314,-12.08242,-0.25114,
-0.0883,-12.13125,-0.24626,
-0.07863,-12.13125,-0.23161,
-0.06896,-12.13125,-0.20231,
-0.06171,-12.13125,-0.1779,
-0.05445,-12.18008,-0.17302,
-0.05445,-12.18008,-0.18766,
-0.05687,-12.18008,-0.21208,
-0.05929,-12.18008,-0.22184,
-0.05929,-12.22891,-0.21696,
-0.05929,-12.22891,-0.2072,
-0.05687,-12.22891,-0.2072,
-0.05203,-12.22891,-0.20231,
-0.03753,-12.22891,-0.16325,
-0.01335,-12.27773,-0.09001,
0.006,-12.27773,-0.02165,
0.0205,-12.27773,0.01253,
0.03259,-12.22891,0.02718,
0.0471,-12.22891,0.05648,
0.06886,-12.22891,0.10042,
0.08821,-12.27773,0.1346,
0.10272,-12.22891,0.14925,
0.11239,-12.22891,0.14925,
0.12448,-12.22891,0.1639,
0.13657,-12.18008,0.1932,
0.15349,-12.18008,0.21761,
0.17284,-12.18008,0.22249,
0.19218,-12.18008,0.21273,
0.20911,-12.18008,0.1932,
0.21394,-12.13125,0.20784,
0.21152,-12.13125,0.26644,
0.20427,-12.08242,0.3348,
0.1946,-12.08242,0.36409,
0.18734,-12.03359,0.35921,
0.18009,-12.03359,0.35433,
0.17767,-11.98477,0.37874,
0.18009,-11.98477,0.4178,
0.18009,-11.93594,0.45198,
0.17767,-11.93594,0.46663,
0.17767,-11.88711,0.4764,
0.17767,-11.83828,0.48616,
0.18009,-11.83828,0.50081,
0.18251,-11.83828,0.52523,
0.18251,-11.78945,0.54964,
0.18493,-11.74063,0.55941,
0.18251,-11.6918,0.55452,
0.18251,-11.6918,0.53987,
0.18009,-11.64297,0.53499,
0.18009,-11.59414,0.55452,
0.18009,-11.54531,0.56917,
0.18251,-11.54531,0.58382,
0.18251,-11.49648,0.59847,
0.18251,-11.44766,0.62288,
0.18493,-11.39883,0.66683,
0.18734,-11.39883,0.71077,
0.18734,-11.35,0.74007,
0.18734,-11.30117,0.74984,
0.18734,-11.25234,0.74984,
0.18734,-11.15469,0.75472,
0.18976,-11.15469,0.77913,
0.19218,-11.10586,0.80355,
0.18976,-11.05703,0.81331,
0.18976,-11.0082,0.80843,
0.19218,-10.95938,0.80355,
0.1946,-10.91055,0.8182,
0.19702,-10.86172,0.84261,
0.1946,-10.81289,0.85726,
0.1946,-10.71523,0.85726,
0.1946,-10.66641,0.84749,
0.1946,-10.61758,0.86702,
0.19702,-10.56875,0.9012,
0.19702,-10.51992,0.94027,
0.19943,-10.42227,0.9598,
0.19943,-10.37344,0.96956,
0.19943,-10.32461,0.98421,
0.20185,-10.27578,0.99886,
0.20185,-10.22695,1.01839,
0.20185,-10.1293,1.03792,
0.20185,-10.08047,1.04769,
0.20427,-10.03164,1.05745,
0.20427,-9.93398,1.05745,
0.20427,-9.88516,1.06234,
0.20669,-9.83633,1.08187,
0.20669,-9.73867,1.09652,
0.20669,-9.68984,1.11605,
0.20669,-9.59219,1.12581,
0.20669,-9.54336,1.13558,
0.20911,-9.4457,1.15023,
0.20911,-9.39688,1.17464,
0.20911,-9.34805,1.19417,
0.21152,-9.25039,1.2137,
0.21152,-9.15273,1.22835,
0.21152,-9.10391,1.243,
0.21152,-9.05508,1.25765,
0.21152,-8.95742,1.26741,
0.21394,-8.85977,1.27718,
0.21394,-8.76211,1.28695,
0.21394,-8.71328,1.30159,
0.21394,-8.61563,1.31136,
0.21394,-8.5668,1.32113,
0.21636,-8.46914,1.34066,
0.21636,-8.37148,1.36019,
0.21636,-8.32266,1.36995,
0.21636,-8.225,1.37484,
0.21878,-8.12734,1.37972,
0.21878,-8.02969,1.38948,
0.21878,-7.98086,1.40902,
0.2212,-7.8832,1.41878,
0.2212,-7.78555,1.42855,
0.2212,-7.68789,1.43343,
0.2212,-7.63906,1.44808,
0.2212,-7.54141,1.47249,
0.22361,-7.44375,1.49202,
0.22361,-7.34609,1.50667,
0.22361,-7.24844,1.51155,
0.22361,-7.15078,1.51644,
0.22361,-7.05312,1.5262,
0.22603,-7.0043,1.54573,
0.22603,-6.85781,1.57015,
0.22603,-6.76016,1.57991,
0.22603,-6.71133,1.58968,
0.22603,-6.61367,1.59456,
0.22845,-6.46719,1.61409,
0.22845,-6.41836,1.63851,
0.23087,-6.3207,1.64827,
0.22845,-6.22305,1.64339,
0.22845,-6.12539,1.63851,
0.22845,-5.97891,1.63363,
0.23087,-5.88125,1.64827,
0.23087,-5.83242,1.66292,
0.23087,-5.68594,1.67757,
0.23087,-5.58828,1.67269,
0.23329,-5.49062,1.67269,
0.23329,-5.39297,1.67269,
0.23329,-5.29531,1.69222,
0.2357,-5.19766,1.71663,
0.2357,-5.05117,1.73616,
0.2357,-5.00234,1.74105,
0.23329,-4.85586,1.74105,
0.2357,-4.7582,1.7557,
0.2357,-4.66055,1.78011,
0.23812,-4.51406,1.79964,
0.23812,-4.41641,1.80452,
0.23812,-4.31875,1.79476,
0.23812,-4.22109,1.79476,
0.23812,-4.07461,1.79964,
0.24054,-3.97695,1.81429,
0.24054,-3.8793,1.82405,
0.24054,-3.78164,1.82405,
0.23812,-3.68398,1.82405,
0.24054,-3.5375,1.82405,
0.24054,-3.43984,1.8387,
0.24296,-3.34219,1.86312,
0.24296,-3.24453,1.87777,
0.24296,-3.09805,1.87777,
0.24054,-2.95156,1.868,
0.24296,-2.85391,1.86312,
0.24296,-2.75625,1.86312,
0.24296,-2.65859,1.87288,
0.24296,-2.51211,1.87288,
0.24296,-2.41445,1.86312,
0.24296,-2.3168,1.86312,
0.24296,-2.17031,1.87288,
0.24538,-2.02383,1.8973,
0.24538,-1.92617,1.91683,
0.24779,-1.82852,1.92659,
0.24538,-1.73086,1.92659,
0.24538,-1.58437,1.92659,
0.24779,-1.48672,1.93636,
0.24779,-1.34023,1.93636,
0.24779,-1.24258,1.93148,
0.24779,-1.14492,1.92171,
0.24538,-0.99844,1.91195,
0.24779,-0.85195,1.91195,
0.25021,-0.7543,1.92659,
0.24779,-0.65664,1.93636,
0.24779,-0.55898,1.94124,
0.24779,-0.4125,1.93148,
0.24779,-0.26602,1.92659,
0.25021,-0.16836,1.93636,
0.25263,-0.0707,1.95101,
0.25021,0.07578,1.96077,
0.25021,0.17344,1.95101,
0.25021,0.27109,1.93148,
0.25263,0.41758,1.92659,
0.25263,0.51523,1.93636,
0.25505,0.61289,1.94613,
0.25263,0.75938,1.93636,
0.25263,0.85703,1.91683,
0.25263,1.00352,1.90706,
0.25505,1.10117,1.91683,
0.25505,1.19883,1.92171,
0.25505,1.34531,1.91683,
0.25505,1.44297,1.90218,
0.25505,1.54063,1.89241,
0.25747,1.68711,1.90706,
0.25747,1.78477,1.93148,
0.25747,1.88242,1.94613,
0.25505,1.98008,1.94124,
0.25505,2.12656,1.91683,
0.25505,2.22422,1.8973,
0.25747,2.3707,1.8973,
0.25747,2.46836,1.90706,
0.25747,2.56602,1.89241,
0.25505,2.66367,1.86312,
0.25505,2.81016,1.83382,
0.25747,2.95664,1.82894,
0.25747,3.00547,1.85823,
0.25747,3.15195,1.87777,
0.25505,3.24961,1.87288,
0.25505,3.39609,1.84847,
0.25505,3.49375,1.83382,
0.25505,3.59141,1.84359,
0.25747,3.73789,1.86312,
0.25747,3.83555,1.868,
0.25505,3.9332,1.84359,
0.25505,4.07969,1.81429,
0.25505,4.12852,1.79964,
0.25505,4.275,1.79476,
0.25505,4.37266,1.79476,
0.25505,4.47031,1.78499,
0.25263,4.56797,1.75081,
0.25263,4.71445,1.72152,
0.25263,4.81211,1.71663,
0.25505,4.95859,1.73616,
0.25505,5.05625,1.7557,
0.25263,5.15391,1.76058,
0.25263,5.25156,1.7557,
0.25263,5.34922,1.7557,
0.25505,5.44688,1.77034,
0.25505,5.54453,1.77523,
0.25263,5.69102,1.7557,
0.25263,5.78867,1.71175,
0.25263,5.88633,1.67269,
0.25263,5.98398,1.64827,
0.25263,6.03281,1.63851,
0.25263,6.1793,1.63363,
0.25263,6.27695,1.61409,
0.25263,6.37461,1.59945,
0.25021,6.47227,1.59456,
0.25021,6.56992,1.61409,
0.25263,6.71641,1.64339,
0.25263,6.81406,1.66292,
0.25021,6.86289,1.65804,
0.25021,6.96055,1.63851,
0.25021,7.0582,1.61409,
0.25021,7.15586,1.58968,
0.25263,7.25352,1.57015,
0.25021,7.35117,1.54085,
0.24779,7.44883,1.51155,
0.24779,7.54648,1.47738,
0.24779,7.64414,1.45296,
0.25021,7.69297,1.44808,
0.24779,7.79063,1.45296,
0.25021,7.88828,1.46273,
0.24779,7.98594,1.46761,
0.24779,8.08359,1.47249,
0.24779,8.18125,1.47249,
0.24779,8.23008,1.47249,
0.24779,8.32773,1.46761,
0.24779,8.42539,1.45296,
0.24779,8.52305,1.42366,
0.24538,8.57187,1.38948,
0.24538,8.66953,1.36995,
0.24779,8.76719,1.3553,
0.24779,8.81602,1.34066,
0.24538,8.91367,1.32601,
0.24296,9.01133,1.30648,
0.24296,9.10898,1.29671,
0.24538,9.15781,1.29671,
0.24538,9.25547,1.31624,
0.24538,9.3043,1.32113,
0.24296,9.40195,1.31136,
0.24296,9.45078,1.28695,
0.24296,9.54844,1.26253,
0.24538,9.59727,1.25277,
0.24296,9.69492,1.243,
0.24296,9.74375,1.21859,
0.24054,9.84141,1.17952,
0.24054,9.89023,1.14534,
0.24296,9.98789,1.1307,
0.24296,10.03672,1.13558,
0.24054,10.13437,1.13558,
0.24054,10.1832,1.12093,
0.24054,10.23203,1.10628,
0.24054,10.32969,1.1014,
0.24054,10.37852,1.10628,
0.24054,10.47617,1.10628,
0.23812,10.525,1.09163,
0.23812,10.57383,1.06722,
0.23812,10.62266,1.03792,
0.23812,10.72031,1.01351,
0.23812,10.76914,0.99398,
0.23812,10.81797,0.96956,
0.2357,10.8668,0.94027,
0.2357,10.96445,0.92562,
0.2357,11.01328,0.92073,
0.2357,11.06211,0.92073,
0.23329,11.11094,0.91585,
0.23329,11.15977,0.91097,
0.23329,11.20859,0.9012,
0.23329,11.25742,0.89144,
0.23329,11.30625,0.88167,
0.23329,11.35508,0.86702,
0.23329,11.40391,0.85237,
0.23329,11.45273,0.82796,
0.23087,11.50156,0.80355,
0.23087,11.55039,0.77425,
0.22845,11.59922,0.74495,
0.22845,11.64805,0.72542,
0.23087,11.69687,0.71566,
0.22845,11.7457,0.70101,
0.22845,11.79453,0.68636,
0.22603,11.84336,0.67659,
0.22603,11.89219,0.66683,
0.22845,11.89219,0.66195,
0.22603,11.94102,0.65218,
0.22361,11.98984,0.63753,
0.2212,12.03867,0.61312,
0.2212,12.0875,0.5887,
0.22361,12.0875,0.56917,
0.2212,12.13633,0.54476,
0.21878,12.13633,0.52523,
0.21878,12.18516,0.50081,
0.21878,12.23398,0.48128,
0.21878,12.28281,0.46663,
0.21878,12.28281,0.45687,
0.21636,12.33164,0.4471,
0.21636,12.33164,0.43734,
0.21394,12.33164,0.42269,
0.21152,12.38047,0.40316,
0.21152,12.38047,0.39339,
0.21152,12.47812,0.36898,
0.21152,12.4293,0.34456,
0.20911,12.47812,0.32503,
0.20669,12.47812,0.3055,
0.20669,12.47812,0.29085,
0.20669,12.52695,0.27132,
0.20427,12.52695,0.25179,
0.20185,12.52695,0.22738,
0.19943,12.57578,0.21273,
0.19702,12.57578,0.19808,
0.19943,12.57578,0.18831,
0.19702,12.57578,0.17366,
0.1946,12.57578,0.15902,
0.18976,12.62461,0.13948,
0.18734,12.62461,0.11507,
0.18493,12.62461,0.09554,
0.18251,12.62461,0.08089,
0.18009,12.62461,0.06624,
0.17525,12.62461,0.04671,
0.168,12.62461,0.02718,
0.16316,12.62461,0.01253,
0.15833,12.62461,0.00277,
0.15107,12.62461,-0.01188,
0.14382,12.62461,-0.02653,
0.13173,12.62461,-0.04606,
0.11481,12.62461,-0.06071,
0.09304,12.62461,-0.07536,
0.0737,12.62461,-0.08024,
0.05677,12.62461,-0.09001,
0.03743,12.62461,-0.10954,
0.01809,12.57578,-0.13395,
0.00116,12.62461,-0.16325,
-0.01093,12.57578,-0.18278,
-0.0206,12.57578,-0.19743,
-0.03269,12.57578,-0.21696,
-0.04478,12.52695,-0.24137,
-0.05445,12.52695,-0.26579,
-0.05929,12.52695,-0.27555,
-0.06171,12.47812,-0.27067,
-0.06412,12.47812,-0.25602,
-0.06412,12.47812,-0.25602,
-0.06896,12.47812,-0.28044,
-0.07863,12.4293,-0.3195,
-0.09314,12.4293,-0.3488,
-0.10523,12.38047,-0.36833,
-0.11974,12.38047,-0.38786,
-0.13183,12.33164,-0.41716,
-0.14634,12.28281,-0.45622,
-0.16084,12.28281,-0.48063,
-0.17052,12.23398,-0.49528,
-0.18019,12.23398,-0.50505,
-0.18986,12.18516,-0.52458,
-0.19953,12.13633,-0.54899,
-0.21162,12.13633,-0.57341,
-0.22129,12.0875,-0.58805,
-0.23096,12.0875,-0.58805,
-0.24064,11.98984,-0.58317,
-0.25273,11.98984,-0.6027,
-0.26723,11.94102,-0.63688,
-0.27932,11.89219,-0.67106,
-0.29141,11.84336,-0.68083,
-0.30109,11.79453,-0.68571,
-0.30834,11.7457,-0.69548,
-0.32043,11.7457,-0.72966,
-0.33252,11.69687,-0.76872,
-0.34461,11.64805,-0.78825,
-0.35186,11.59922,-0.77848,
-0.36395,11.55039,-0.76872,
-0.37604,11.50156,-0.78337,
-0.39055,11.45273,-0.82731,
-0.40264,11.40391,-0.85661,
-0.41231,11.35508,-0.85661,
-0.41957,11.30625,-0.85173,
-0.42924,11.25742,-0.86149,
-0.44375,11.15977,-0.89567,
-0.45584,11.15977,-0.93962,
-0.46793,11.06211,-0.94938,
-0.4776,11.01328,-0.9445,
-0.48727,10.96445,-0.93962,
-0.49936,10.91562,-0.95427,
-0.51145,10.8668,-0.97868,
-0.52354,10.76914,-0.99821,
-0.53079,10.76914,-0.99333,
-0.53805,10.67148,-0.98845,
-0.55014,10.62266,-1.00309,
-0.56223,10.525,-1.04216,
-0.57432,10.47617,-1.07634,
-0.58399,10.42734,-1.09587,
-0.59366,10.37852,-1.09587,
-0.60091,10.28086,-1.0861,
-0.613,10.23203,-1.10075,
-0.62268,10.1832,-1.12516,
-0.63235,10.08555,-1.13981,
-0.64202,10.03672,-1.1447,
-0.64685,9.93906,-1.13493,
-0.64927,9.89023,-1.13005,
-0.65169,9.84141,-1.13981,
-0.65894,9.74375,-1.17399,
-0.67103,9.64609,-1.21794,
-0.68071,9.59727,-1.257,
-0.6928,9.49961,-1.27653,
-0.70247,9.45078,-1.27653,
-0.70972,9.35312,-1.27165,
-0.71698,9.3043,-1.26677,
-0.72423,9.20664,-1.27653,
-0.73148,9.15781,-1.29606,
-0.73632,9.06016,-1.31071,
-0.74116,8.9625,-1.31559,
-0.74599,8.91367,-1.33024,
-0.75325,8.81602,-1.34977,
-0.75808,8.76719,-1.38395,
-0.76292,8.66953,-1.40348,
-0.76775,8.57187,-1.3986,
-0.77017,8.47422,-1.38884,
-0.77501,8.42539,-1.38884,
-0.78226,8.32773,-1.40837,
-0.7871,8.23008,-1.42302,
-0.78952,8.13242,-1.4279,
-0.78952,8.08359,-1.4279,
-0.78952,7.98594,-1.42302,
-0.79435,7.88828,-1.44255,
-0.79919,7.79063,-1.46208,
-0.8016,7.69297,-1.48161,
-0.8016,7.64414,-1.49137,
-0.8016,7.49766,-1.50114,
-0.80402,7.4,-1.51579,
-0.81128,7.35117,-1.53044,
-0.81611,7.30234,-1.53532,
-0.82095,7.20469,-1.53532,
-0.82337,7.0582,-1.52555,
-0.8282,6.96055,-1.52555,
-0.83546,6.86289,-1.53532,
-0.84271,6.81406,-1.54997,
-0.84755,6.71641,-1.56462,
-0.8548,6.56992,-1.57438,
-0.85964,6.52109,-1.58415,
-0.86689,6.42344,-1.5988,
-0.87414,6.32578,-1.60856,
-0.8814,6.22813,-1.61833,
-0.88865,6.13047,-1.61833,
-0.89591,6.03281,-1.61345,
-0.90316,5.93516,-1.60856,
-0.91041,5.8375,-1.60856,
-0.91767,5.73984,-1.61345,
-0.92492,5.64219,-1.61345,
-0.92976,5.54453,-1.61833,
-0.93701,5.44688,-1.62321,
-0.94668,5.34922,-1.65251,
-0.95635,5.25156,-1.66716,
-0.96361,5.10508,-1.67204,
-0.97086,5.05625,-1.66227,
-0.98053,4.95859,-1.66716,
-0.99262,4.81211,-1.6818,
-1.0023,4.71445,-1.69157,
-1.00713,4.6168,-1.69157,
-1.01439,4.51914,-1.68669,
-1.02164,4.42148,-1.69645,
-1.03615,4.32383,-1.7111,
-1.0434,4.22617,-1.71598,
-1.05307,4.12852,-1.7111,
-1.06033,4.03086,-1.7111,
-1.06758,3.9332,-1.73063,
-1.07725,3.78672,-1.75505,
-1.08693,3.68906,-1.75505,
-1.09418,3.59141,-1.74528,
-1.09902,3.49375,-1.74528,
-1.10627,3.39609,-1.74528,
-1.11594,3.24961,-1.74528,
-1.12319,3.15195,-1.74528,
-1.13045,3.0543,-1.74528,
-1.13528,2.95664,-1.74528,
-1.14254,2.81016,-1.75016,
-1.14737,2.76133,-1.75016,
-1.15463,2.66367,-1.76481,
-1.16188,2.51719,-1.77458,
-1.16672,2.41953,-1.77946,
-1.17397,2.32188,-1.77458,
-1.17881,2.22422,-1.77458,
-1.18364,2.12656,-1.78434,
-1.1909,1.98008,-1.78923,
-1.19573,1.88242,-1.78434,
-1.20057,1.78477,-1.77458,
-1.20541,1.68711,-1.76481,
-1.21024,1.58945,-1.77458,
-1.21508,1.44297,-1.78923,
-1.21991,1.34531,-1.80387,
-1.22475,1.24766,-1.80387,
-1.22959,1.15,-1.80387,
-1.232,1.05234,-1.80387,
-1.23442,0.90586,-1.80876,
-1.23926,0.8082,-1.80876,
-1.24409,0.71055,-1.81364,
-1.24409,0.61289,-1.81852,
-1.24651,0.51523,-1.81364,
-1.24893,0.36875,-1.80876,
-1.25377,0.27109,-1.80876,
-1.25618,0.17344,-1.80387,
-1.25618,0.07578,-1.79899,
-1.2586,-0.02187,-1.79899,
-1.26344,-0.16836,-1.79411,
-1.26344,-0.26602,-1.79899,
-1.26586,-0.36367,-1.80387,
-1.26586,-0.46133,-1.80387,
-1.26586,-0.60781,-1.80387,
-1.26586,-0.70547,-1.80876,
-1.26827,-0.80312,-1.80387,
-1.27069,-0.90078,-1.80387,
-1.27069,-0.99844,-1.79411,
-1.27069,-1.14492,-1.78923,
-1.27069,-1.24258,-1.78923,
-1.27069,-1.34023,-1.79411,
-1.27069,-1.43789,-1.79899,
-1.26827,-1.58437,-1.79899,
-1.26827,-1.68203,-1.79899,
-1.26586,-1.77969,-1.79411,
-1.26586,-1.87734,-1.79899,
-1.26586,-1.975,-1.79899,
-1.26586,-2.12148,-1.78923,
-1.26344,-2.21914,-1.77946,
-1.26102,-2.3168,-1.7697,
-1.2586,-2.41445,-1.76481,
-1.25618,-2.56094,-1.75993,
-1.25618,-2.65859,-1.75016,
-1.25135,-2.80508,-1.74528,
-1.24893,-2.85391,-1.75505,
-1.24409,-3.00039,-1.7697,
-1.24168,-3.09805,-1.77946,
-1.23926,-3.1957,-1.77946,
-1.23684,-3.29336,-1.77458,
-1.232,-3.39102,-1.75993,
-1.22717,-3.5375,-1.74528,
-1.22233,-3.63516,-1.73552,
-1.2175,-3.73281,-1.73552,
-1.21508,-3.83047,-1.73063,
-1.20782,-3.92812,-1.72575,
-1.20057,-4.07461,-1.72087,
-1.19573,-4.17227,-1.7111,
-1.19332,-4.26992,-1.71598,
-1.18848,-4.36758,-1.72087,
-1.18364,-4.46523,-1.71598,
-1.17639,-4.56289,-1.70622,
-1.16672,-4.66055,-1.69645,
-1.16188,-4.7582,-1.70134,
-1.15221,-4.85586,-1.7111,
-1.14737,-4.95352,-1.7111,
-1.14254,-5.05117,-1.69157,
-1.1377,-5.14883,-1.66227,
-1.13045,-5.24648,-1.64762,
-1.12319,-5.39297,-1.64274,
-1.11594,-5.49062,-1.64762,
-1.10869,-5.58828,-1.65251,
-1.09902,-5.68594,-1.65251,
-1.08934,-5.78359,-1.63298,
-1.07725,-5.88125,-1.62321,
-1.07,-5.97891,-1.62321,
-1.06033,-6.07656,-1.63298,
-1.05307,-6.17422,-1.62321,
-1.0434,-6.27187,-1.5988,
-1.03373,-6.41836,-1.57927,
-1.02406,-6.51602,-1.57438,
-1.01439,-6.56484,-1.57438,
-1.0023,-6.6625,-1.5695,
-0.99262,-6.76016,-1.55485,
-0.98295,-6.85781,-1.5402,
-0.97086,-6.95547,-1.53044,
-0.96119,-7.05312,-1.53532,
-0.9491,-7.15078,-1.54509,
-0.93943,-7.24844,-1.5402,
-0.92976,-7.34609,-1.53044,
-0.91767,-7.39492,-1.50602,
-0.90316,-7.54141,-1.48649,
-0.88865,-7.59023,-1.46696,
-0.87898,-7.68789,-1.4572,
-0.86689,-7.78555,-1.4572,
-0.8548,-7.8832,-1.4572,
-0.84029,-7.98086,-1.44255,
-0.8282,-8.02969,-1.4279,
-0.81611,-8.12734,-1.42302,
-0.80402,-8.225,-1.42302,
-0.79193,-8.32266,-1.41813,
-0.77743,-8.42031,-1.40348,
-0.76292,-8.46914,-1.38395,
-0.74841,-8.5668,-1.36442,
-0.7339,-8.66445,-1.35466,
-0.72423,-8.76211,-1.34977,
-0.71456,-8.81094,-1.33512,
-0.70005,-8.90859,-1.32048,
-0.68796,-8.95742,-1.29606,
-0.67345,-9.05508,-1.28141,
-0.66136,-9.15273,-1.28141,
-0.65411,-9.25039,-1.30095,
-0.64444,-9.34805,-1.30583,
-0.62993,-9.39688,-1.28141,
-0.61542,-9.4457,-1.24235,
-0.60333,-9.54336,-1.21794,
-0.59366,-9.59219,-1.21305,
-0.58641,-9.68984,-1.21794,
-0.57432,-9.73867,-1.19841,
-0.56223,-9.83633,-1.16423,
-0.55014,-9.88516,-1.13493,
-0.53805,-9.98281,-1.12516,
-0.52837,-10.03164,-1.1154,
-0.51628,-10.1293,-1.09587,
-0.50419,-10.17813,-1.07145,
-0.49211,-10.27578,-1.05192,
-0.48243,-10.32461,-1.04216,
-0.47518,-10.37344,-1.02751,
-0.46551,-10.42227,-1.01774,
-0.46067,-10.51992,-1.00798,
-0.45342,-10.56875,-0.99821,
-0.44375,-10.61758,-0.98356,
-0.43407,-10.66641,-0.95915,
-0.42682,-10.76406,-0.93962,
-0.41957,-10.81289,-0.92009,
-0.40989,-10.86172,-0.89567,
-0.40022,-10.91055,-0.87126,
-0.39055,-10.95938,-0.84196,
-0.3833,-11.0082,-0.82243,
-0.37604,-11.10586,-0.81266,
-0.36637,-11.10586,-0.78825,
-0.35428,-11.15469,-0.75407,
-0.33977,-11.20352,-0.72966,
-0.33494,-11.25234,-0.72477,
-0.32768,-11.35,-0.72966,
-0.32043,-11.35,-0.71501,
-0.30834,-11.39883,-0.68083,
-0.29625,-11.44766,-0.65153,
-0.289,-11.49648,-0.64665,
-0.28416,-11.49648,-0.65153,
-0.27691,-11.54531,-0.64177,
-0.26482,-11.59414,-0.61247,
-0.25273,-11.64297,-0.58317,
-0.24305,-11.6918,-0.56364,
-0.2358,-11.6918,-0.55876,
-0.22855,-11.74063,-0.55388,
-0.21887,-11.78945,-0.52946,
-0.20678,-11.78945,-0.50016,
-0.19711,-11.83828,-0.47575,
-0.18744,-11.83828,-0.4611,
-0.18019,-11.88711,-0.44645,
-0.17293,-11.93594,-0.42692,
-0.16084,-11.93594,-0.39274,
-0.15117,-11.93594,-0.36345,
-0.1415,-11.98477,-0.35368,
-0.13666,-12.03359,-0.3488,
-0.13183,-12.03359,-0.32927,
-0.11732,-12.03359,-0.29997,
-0.10523,-12.08242,-0.26579,
-0.09556,-12.08242,-0.25114,
-0.09072,-12.08242,-0.24626,
-0.08589,-12.13125,-0.24137,
-0.07621,-12.13125,-0.21696,
-0.06412,-12.13125,-0.19255,
-0.05687,-12.18008,-0.1779,
-0.05445,-12.18008,-0.17302,
-0.05203,-12.18008,-0.18766,
-0.05203,-12.18008,-0.19743,
-0.05203,-12.22891,-0.20231,
-0.05445,-12.22891,-0.20231,
-0.05445,-12.22891,-0.2072,
-0.05203,-12.22891,-0.21208,
-0.0472,-12.22891,-0.20231,
-0.03269,-12.27773,-0.15348,
-0.01335,-12.27773,-0.09001,
0.00358,-12.22891,-0.04118,
0.0205,-12.22891,-0.01188,
0.03259,-12.27773,0.01253,
0.0471,-12.27773,0.04671,
0.06161,-12.22891,0.08089,
0.07854,-12.22891,0.10042,
0.09304,-12.22891,0.11995,
0.10755,-12.27773,0.1346,
0.11722,-12.22891,0.14925,
0.12931,-12.22891,0.1639,
0.13898,-12.18008,0.18343,
0.15833,-12.18008,0.20296,
0.17767,-12.18008,0.20784,
0.19943,-12.13125,0.19808,
0.20669,-12.13125,0.1932,
0.20911,-12.13125,0.23714,
0.20185,-12.08242,0.31038,
0.19218,-12.08242,0.35921,
0.18493,-12.03359,0.36898,
0.17767,-12.03359,0.35921,
0.17284,-11.98477,0.36409,
0.17284,-11.98477,0.39827,
0.17284,-11.93594,0.44222,
0.17284,-11.93594,0.4764,
0.17042,-11.88711,0.48128,
0.17042,-11.88711,0.48128,
0.17042,-11.88711,0.48616,
0.17525,-11.83828,0.51058,
0.17767,-11.78945,0.54476,
0.17767,-11.74063,0.55941,
0.17767,-11.74063,0.55941,
0.17767,-11.6918,0.55941,
0.17767,-11.64297,0.55941,
0.18251,-11.64297,0.56917,
0.18009,-11.59414,0.56917,
0.18009,-11.54531,0.56917,
0.18009,-11.49648,0.58382,
0.18251,-11.44766,0.61312,
0.18493,-11.44766,0.65218,
0.18493,-11.39883,0.68636,
0.18734,-11.35,0.71077,
0.18734,-11.30117,0.72054,
0.18734,-11.25234,0.74007,
0.18976,-11.20352,0.76448,
0.18976,-11.15469,0.78402,
0.18976,-11.10586,0.79866,
0.18976,-11.05703,0.80355,
0.19218,-11.05703,0.80355,
0.19218,-11.0082,0.82308,
0.19702,-10.91055,0.83773,
0.19702,-10.86172,0.85237,
0.19943,-10.81289,0.86214,
0.19702,-10.76406,0.86214,
0.19702,-10.71523,0.87191,
0.19702,-10.66641,0.89144,
0.19702,-10.56875,0.91097,
0.19702,-10.51992,0.93538,
0.19943,-10.47109,0.95491,
0.19943,-10.42227,0.97445,
0.19943,-10.32461,0.98909,
0.19943,-10.27578,0.99398,
0.20185,-10.22695,0.99398,
0.20185,-10.17813,1.00863,
0.20427,-10.1293,1.02816,
0.20427,-10.03164,1.0428,
0.20427,-9.98281,1.03792,
0.20427,-9.88516,1.0428,
0.20427,-9.83633,1.06234,
0.20669,-9.73867,1.09163,
0.20669,-9.68984,1.12093,
0.20669,-9.64102,1.13558,
0.20669,-9.59219,1.15023,
0.20669,-9.49453,1.16976,
0.20911,-9.39688,1.19905,
0.21152,-9.34805,1.22835,
0.21152,-9.29922,1.24788,
0.21152,-9.20156,1.25765,
0.20911,-9.10391,1.25765,
0.21152,-9.05508,1.25277,
0.21394,-9.00625,1.26253,
0.21394,-8.90859,1.27718,
0.21394,-8.81094,1.28695,
0.21394,-8.71328,1.27718,
0.21394,-8.66445,1.2723,
0.21636,-8.5668,1.28206,
0.21636,-8.51797,1.31136,
0.21636,-8.42031,1.33577,
0.21636,-8.32266,1.35042,
0.21636,-8.225,1.36019,
0.21878,-8.17617,1.37972,
0.21878,-8.07852,1.40413,
0.21878,-7.98086,1.42366,
0.2212,-7.93203,1.4432,
0.2212,-7.83437,1.45784,
0.2212,-7.73672,1.46761,
0.2212,-7.63906,1.47249,
0.2212,-7.54141,1.46761,
0.22361,-7.44375,1.47249,
0.22361,-7.39492,1.47738,
0.22361,-7.29727,1.48714,
0.22361,-7.19961,1.49202,
0.22361,-7.10195,1.49691,
0.22361,-7.0043,1.5262,
0.22603,-6.90664,1.56527,
0.22603,-6.80898,1.59945,
0.22603,-6.71133,1.61409,
0.22603,-6.61367,1.61409,
0.22845,-6.51602,1.60921,
0.22845,-6.46719,1.61898,
0.22845,-6.3207,1.63363,
0.22845,-6.22305,1.63851,
0.22845,-6.12539,1.63363,
0.22845,-6.07656,1.62874,
0.22845,-5.93008,1.62874,
0.23087,-5.83242,1.63851,
0.23087,-5.73477,1.65804,
0.23329,-5.63711,1.67269,
0.23087,-5.53945,1.68245,
0.23087,-5.4418,1.6971,
0.23329,-5.29531,1.71175,
0.2357,-5.19766,1.73128,
0.2357,-5.1,1.75081,
0.2357,-5.00234,1.76058,
0.2357,-4.90469,1.7557,
0.2357,-4.7582,1.75081,
0.23812,-4.70937,1.76058,
0.23812,-4.56289,1.77523,
0.23812,-4.46523,1.78499,
0.2357,-4.36758,1.78499,
0.23812,-4.22109,1.78011,
0.23812,-4.12344,1.78988,
0.24054,-4.02578,1.79964,
0.24054,-3.92812,1.80941,
0.23812,-3.78164,1.81917,
0.24054,-3.68398,1.83382,
0.24054,-3.58633,1.84359,
0.24054,-3.48867,1.85823,
0.24054,-3.34219,1.868,
0.24296,-3.24453,1.87288,
0.24296,-3.14687,1.87288,
0.24296,-3.04922,1.868,
0.24296,-2.90273,1.86312,
0.24296,-2.80508,1.86312,
0.24296,-2.65859,1.86312,
0.24296,-2.56094,1.85823,
0.24296,-2.46328,1.84847,
0.24296,-2.3168,1.84359,
0.24296,-2.21914,1.85335,
0.24538,-2.07266,1.87288,
0.24538,-1.975,1.8973,
0.24538,-1.87734,1.90706,
0.24296,-1.73086,1.90706,
0.24538,-1.6332,1.90706,
0.24779,-1.53555,1.91683,
0.24779,-1.43789,1.93148,
0.24779,-1.29141,1.93148,
0.24779,-1.14492,1.92171,
0.24779,-1.04727,1.91683,
0.24779,-0.94961,1.91683,
0.24779,-0.80312,1.92171,
0.24779,-0.70547,1.92171,
0.24779,-0.55898,1.91195,
0.24779,-0.46133,1.90706,
0.24779,-0.36367,1.91195,
0.25021,-0.21719,1.92659,
0.25021,-0.11953,1.93636,
0.25021,0.02695,1.93636,
0.25021,0.12461,1.92659,
0.25021,0.22227,1.91683,
0.25263,0.36875,1.92171,
0.25263,0.46641,1.92659,
0.25263,0.56406,1.92659,
0.25263,0.71055,1.91683,
0.25263,0.8082,1.90218,
0.25263,0.90586,1.8973,
0.25505,1.05234,1.91195,
0.25505,1.15,1.92659,
0.25505,1.24766,1.93148,
0.25505,1.39414,1.92171,
0.25505,1.4918,1.90706,
0.25505,1.58945,1.8973,
0.25505,1.68711,1.89241,
0.25505,1.83359,1.89241,
0.25505,1.93125,1.88753,
0.25505,2.02891,1.87777,
0.25505,2.17539,1.868,
0.25505,2.27305,1.868,
0.25747,2.41953,1.87777,
0.25747,2.51719,1.88265,
0.25747,2.61484,1.87288,
0.25505,2.76133,1.86312,
0.25505,2.85898,1.85335,
0.25505,3.00547,1.86312,
0.25747,3.10313,1.87288,
0.25505,3.20078,1.87777,
0.25505,3.29844,1.868,
0.25505,3.44492,1.85335,
0.25505,3.54258,1.84359,
0.25747,3.64023,1.8387,
0.25505,3.73789,1.82894,
0.25505,3.88438,1.80941,
0.25263,3.98203,1.78988,
0.25263,4.07969,1.78011,
0.25505,4.22617,1.78499,
0.25505,4.32383,1.79964,
0.25505,4.42148,1.79964,
0.25263,4.51914,1.79476,
0.25505,4.6168,1.78499,
0.25263,4.76328,1.78011,
0.25505,4.86094,1.78499,
0.25505,4.95859,1.78499,
0.25505,5.05625,1.77034,
0.25263,5.15391,1.74105,
0.25263,5.25156,1.72152,
0.25263,5.39805,1.71175,
0.25505,5.4957,1.71175,
0.25505,5.59336,1.70198,
0.25263,5.69102,1.68245,
0.25263,5.78867,1.66292,
0.25263,5.88633,1.65316,
0.25263,5.98398,1.66292,
0.25263,6.08164,1.67757,
0.25263,6.22813,1.68245,
0.25021,6.32578,1.67757,
0.25263,6.42344,1.65804,
0.25505,6.52109,1.64339,
0.25505,6.61875,1.63851,
0.25263,6.71641,1.62874,
0.25263,6.81406,1.61898,
0.25263,6.91172,1.59945,
0.25021,7.00938,1.57503,
0.25021,7.0582,1.5555,
0.25021,7.20469,1.55062,
0.25021,7.30234,1.55062,
0.25021,7.4,1.54573,
0.24779,7.49766,1.5262,
0.24779,7.54648,1.51155,
0.24779,7.64414,1.50179,
0.25021,7.7418,1.50179,
0.25021,7.83945,1.49691,
0.24779,7.93711,1.47738,
0.24779,8.03477,1.45296,
0.24779,8.13242,1.43831,
0.24779,8.18125,1.43831,
0.24779,8.27891,1.43343,
0.24779,8.37656,1.42366,
0.24538,8.47422,1.40413,
0.24538,8.57187,1.38948,
0.24779,8.6207,1.3846,
0.24779,8.71836,1.38948,
0.24779,8.76719,1.38948,
0.24538,8.86484,1.36995,
0.24538,8.9625,1.34554,
0.24296,9.06016,1.32601,
0.24538,9.10898,1.31136,
0.24538,9.20664,1.30648,
0.24538,9.25547,1.30159,
0.24296,9.35312,1.27718,
0.24296,9.40195,1.25277,
0.24296,9.49961,1.23812,
0.24538,9.59727,1.23812,
0.24296,9.64609,1.23812,
0.24296,9.69492,1.22835,
0.24296,9.79258,1.20882,
0.24054,9.89023,1.18929,
0.24296,9.93906,1.17952,
0.24054,9.98789,1.17464,
0.24054,10.08555,1.16976,
0.24054,10.1832,1.14534,
0.24054,10.23203,1.11605,
0.24054,10.28086,1.08187,
0.23812,10.32969,1.05257,
0.23812,10.37852,1.04769,
0.23812,10.47617,1.0428,
0.23812,10.525,1.0428,
0.23812,10.62266,1.02327,
0.2357,10.67148,1.01351,
0.23812,10.72031,1.01839,
0.23812,10.76914,1.03304,
0.23812,10.81797,1.0428,
0.23812,10.91562,1.02327,
0.2357,10.91562,0.98421,
0.2357,11.01328,0.94515,
0.2357,11.06211,0.92073,
0.2357,11.11094,0.90609,
0.2357,11.15977,0.88655,
0.23329,11.25742,0.85237,
0.23329,11.25742,0.82308,
0.23329,11.35508,0.80843,
0.23329,11.35508,0.8182,
0.23329,11.45273,0.83773,
0.23087,11.50156,0.83773,
0.23087,11.55039,0.8182,
0.23087,11.55039,0.7889,
0.22845,11.59922,0.77425,
0.23087,11.64805,0.76937,
0.23087,11.69687,0.75472,
0.22845,11.7457,0.72542,
0.22603,11.79453,0.67659,
0.22603,11.84336,0.6473,
0.22603,11.89219,0.63265,
0.22603,11.94102,0.62777,
0.22603,11.94102,0.61312,
0.22361,11.98984,0.59847,
0.22361,12.03867,0.58382,
0.22361,12.0875,0.57894,
0.22361,12.0875,0.58382,
0.2212,12.13633,0.57894,
0.2212,12.18516,0.56429,
0.2212,12.18516,0.53499,
0.21878,12.23398,0.50081,
0.21878,12.23398,0.46663,
0.21878,12.28281,0.44222,
0.21636,12.28281,0.42269,
0.21636,12.33164,0.40316,
0.21394,12.38047,0.38363,
0.21394,12.38047,0.36898,
0.21152,12.38047,0.36409,
0.21152,12.4293,0.36409,
0.21152,12.47812,0.35921,
0.20911,12.47812,0.34456,
0.20669,12.47812,0.32503,
0.20427,12.47812,0.3055,
0.20669,12.52695,0.28597,
0.20427,12.52695,0.26155,
0.20185,12.52695,0.22738,
0.19943,12.52695,0.20296,
0.19702,12.57578,0.17366,
0.19702,12.57578,0.15902,
0.1946,12.57578,0.14925,
0.19218,12.57578,0.1346,
0.18976,12.57578,0.12972,
0.18734,12.62461,0.11995,
0.18493,12.62461,0.11019,
0.18251,12.62461,0.09554,
0.17767,12.62461,0.08089,
0.17525,12.62461,0.05648,
0.168,12.62461,0.03206,
0.16558,12.62461,0.01253,
0.15833,12.62461,-0.00212,
0.15107,12.62461,-0.02165,
0.1414,12.62461,-0.04118,
0.12689,12.62461,-0.06071,
0.10997,12.62461,-0.07536,
0.09063,12.62461,-0.07536,
0.07128,12.62461,-0.07536,
0.05194,12.62461,-0.09001,
0.03259,12.62461,-0.11442,
0.01567,12.57578,-0.13884,
0.00116,12.57578,-0.15837,
-0.01335,12.57578,-0.1779,
-0.02302,12.57578,-0.20231,
-0.03511,12.57578,-0.23161,
-0.0472,12.52695,-0.24626,
-0.05445,12.52695,-0.26091,
-0.05929,12.52695,-0.26579,
-0.06171,12.47812,-0.26091,
-0.06171,12.47812,-0.25602,
-0.06171,12.47812,-0.25602,
-0.06654,12.4293,-0.27067,
-0.07621,12.4293,-0.30485,
-0.09072,12.4293,-0.33903,
-0.10523,12.38047,-0.37321,
-0.11974,12.38047,-0.39762,
-0.13425,12.33164,-0.42692,
-0.14392,12.33164,-0.45134,
-0.15601,12.28281,-0.47087,
-0.1681,12.23398,-0.4904,
-0.17777,12.23398,-0.51481,
-0.18986,12.18516,-0.53923,
-0.19953,12.13633,-0.56364,
-0.21162,12.13633,-0.57829,
-0.22371,12.0875,-0.58317,
-0.23096,12.03867,-0.58317,
-0.24064,12.03867,-0.59294,
-0.25031,11.98984,-0.60759,
-0.25998,11.94102,-0.632,
-0.27449,11.89219,-0.65153,
-0.28416,11.84336,-0.66618,
-0.29383,11.79453,-0.67595,
-0.3035,11.79453,-0.70036,
-0.31559,11.7457,-0.72966,
-0.3301,11.69687,-0.75895,
-0.33977,11.64805,-0.76872,
-0.34944,11.59922,-0.76872,
-0.36153,11.55039,-0.7736,
-0.37121,11.50156,-0.79802,
-0.38571,11.45273,-0.8322,
-0.3978,11.40391,-0.85173,
-0.40989,11.35508,-0.85661,
-0.41957,11.30625,-0.85173,
-0.42924,11.25742,-0.86149,
-0.44133,11.20859,-0.89079,
-0.45342,11.11094,-0.92497,
-0.46309,11.06211,-0.93473,
-0.47518,11.01328,-0.93962,
-0.48485,10.96445,-0.94938,
-0.49694,10.91562,-0.96891,
-0.51145,10.8668,-0.99333,
-0.52112,10.81797,-0.99821,
-0.53079,10.72031,-1.00309,
-0.53805,10.67148,-1.00309,
-0.55014,10.62266,-1.01774,
-0.55981,10.525,-1.04216,
-0.5719,10.47617,-1.06169,
-0.58399,10.42734,-1.0861,
-0.59124,10.37852,-1.09587,
-0.5985,10.28086,-1.09098,
-0.60333,10.23203,-1.0861,
-0.61059,10.1832,-1.09587,
-0.62026,10.08555,-1.1154,
-0.63235,10.03672,-1.13981,
-0.64685,9.93906,-1.14958,
-0.65653,9.89023,-1.14958,
-0.6662,9.84141,-1.16423,
-0.67587,9.74375,-1.19352,
-0.68554,9.64609,-1.23259,
-0.69521,9.59727,-1.26188,
-0.70247,9.54844,-1.2863,
-0.7073,9.45078,-1.29606,
-0.71214,9.35312,-1.31071,
-0.71939,9.3043,-1.31559,
-0.72665,9.20664,-1.30095,
-0.73148,9.15781,-1.29118,
-0.73874,9.06016,-1.2863,
-0.74599,9.01133,-1.30095,
-0.75325,8.91367,-1.32048,
-0.75808,8.81602,-1.34001,
-0.76292,8.71836,-1.36442,
-0.76534,8.66953,-1.38395,
-0.76775,8.57187,-1.40348,
-0.77017,8.47422,-1.41813,
-0.77501,8.42539,-1.43278,
-0.77984,8.32773,-1.43278,
-0.78468,8.23008,-1.43278,
-0.78468,8.13242,-1.41813,
-0.7871,8.08359,-1.41325,
-0.7871,7.98594,-1.4279,
-0.79193,7.88828,-1.4572,
-0.79435,7.79063,-1.47673,
-0.79677,7.69297,-1.48161,
-0.79677,7.64414,-1.48649,
-0.79919,7.54648,-1.49137,
-0.80402,7.4,-1.50114,
-0.80886,7.35117,-1.50602,
-0.81369,7.25352,-1.50114,
-0.81611,7.15586,-1.49626,
-0.82095,7.0582,-1.50114,
-0.82578,6.96055,-1.51091,
-0.83062,6.86289,-1.53532,
-0.83787,6.81406,-1.5695,
-0.84513,6.66758,-1.5988,
-0.84996,6.61875,-1.61345,
-0.85722,6.52109,-1.61833,
-0.86447,6.42344,-1.60856,
-0.86931,6.32578,-1.60368,
-0.87898,6.1793,-1.60368,
-0.88623,6.13047,-1.5988,
-0.89591,6.03281,-1.58903,
-0.90074,5.93516,-1.58903,
-0.908,5.8375,-1.5988,
-0.91767,5.69102,-1.61833,
-0.92734,5.59336,-1.64274,
-0.93459,5.4957,-1.65739,
-0.94185,5.39805,-1.65739,
-0.9491,5.34922,-1.65739,
-0.95635,5.20273,-1.65739,
-0.96603,5.15391,-1.66716,
-0.97812,5.05625,-1.67204,
-0.98537,4.90977,-1.66227,
-0.99262,4.81211,-1.65251,
-0.99988,4.71445,-1.65739,
-1.01197,4.6168,-1.67692,
-1.01922,4.51914,-1.69645,
-1.02648,4.42148,-1.70622,
-1.03373,4.275,-1.71598,
-1.04098,4.22617,-1.72575,
-1.05066,4.12852,-1.75016,
-1.05791,3.98203,-1.75993,
-1.06516,3.9332,-1.75016,
-1.07242,3.78672,-1.72575,
-1.07967,3.68906,-1.70622,
-1.08934,3.59141,-1.70134,
-1.09902,3.49375,-1.70622,
-1.10869,3.39609,-1.71598,
-1.11352,3.24961,-1.72087,
-1.12078,3.15195,-1.7404,
-1.12803,3.0543,-1.76481,
-1.13528,2.95664,-1.77946,
-1.14012,2.85898,-1.78923,
-1.14496,2.76133,-1.78923,
-1.14979,2.61484,-1.78923,
-1.15705,2.56602,-1.78923,
-1.1643,2.41953,-1.77946,
-1.17155,2.32188,-1.76481,
-1.17639,2.22422,-1.74528,
-1.18123,2.07773,-1.7404,
-1.18848,1.98008,-1.75016,
-1.19573,1.88242,-1.76481,
-1.20057,1.78477,-1.78434,
-1.20299,1.68711,-1.79411,
-1.20541,1.54063,-1.80387,
-1.20782,1.44297,-1.80876,
-1.21508,1.34531,-1.81852,
-1.21991,1.24766,-1.81852,
-1.22475,1.15,-1.80387,
-1.22717,1.05234,-1.78434,
-1.232,0.95469,-1.7697,
-1.23442,0.85703,-1.77458,
-1.23926,0.71055,-1.77946,
-1.23926,0.61289,-1.78923,
-1.24168,0.51523,-1.79411,
-1.24409,0.41758,-1.80387,
-1.24651,0.31992,-1.81852,
-1.24893,0.17344,-1.82829,
-1.25135,0.07578,-1.83317,
-1.25377,-0.02187,-1.82341,
-1.25618,-0.11953,-1.80387,
-1.25618,-0.21719,-1.78434,
-1.2586,-0.36367,-1.7697,
-1.2586,-0.46133,-1.75993,
-1.26102,-0.60781,-1.75993,
-1.26102,-0.65664,-1.7697,
-1.26102,-0.80312,-1.77946,
-1.26344,-0.90078,-1.79899,
-1.26586,-0.99844,-1.81364,
-1.26586,-1.14492,-1.81852,
-1.26344,-1.24258,-1.81852,
-1.26102,-1.34023,-1.81364,
-1.26102,-1.43789,-1.81364,
-1.26102,-1.58437,-1.80387,
-1.26102,-1.6332,-1.78923,
-1.25618,-1.77969,-1.76481,
-1.25377,-1.87734,-1.75505,
-1.25618,-2.02383,-1.75505,
-1.25618,-2.12148,-1.75993,
-1.25377,-2.21914,-1.75993,
-1.24893,-2.3168,-1.76481,
-1.24651,-2.41445,-1.77946,
-1.24651,-2.56094,-1.80387,
-1.24409,-2.60977,-1.81364,
-1.24168,-2.75625,-1.79899,
-1.23926,-2.85391,-1.77458,
-1.23684,-2.95156,-1.74528,
-1.23442,-3.04922,-1.72575,
-1.232,-3.1957,-1.72087,
-1.22959,-3.29336,-1.71598,
-1.22717,-3.39102,-1.71598,
-1.2175,-3.48867,-1.71598,
-1.21266,-3.63516,-1.73063,
-1.21024,-3.73281,-1.75505,
-1.20782,-3.83047,-1.77458,
-1.20541,-3.92812,-1.77946,
-1.19815,-4.02578,-1.7697,
-1.1909,-4.12344,-1.75505,
-1.18606,-4.22109,-1.74528,
-1.18364,-4.31875,-1.72575,
-1.17639,-4.46523,-1.70134,
-1.16914,-4.51406,-1.66716,
-1.1643,-4.66055,-1.64762,
-1.15705,-4.7582,-1.64274,
-1.15221,-4.85586,-1.65739,
-1.14979,-4.95352,-1.67204,
-1.14254,-5.05117,-1.6818,
-1.13287,-5.19766,-1.6818,
-1.12561,-5.24648,-1.68669,
-1.11836,-5.39297,-1.6818,
-1.11111,-5.4418,-1.67692,
-1.10385,-5.58828,-1.65739,
-1.09418,-5.68594,-1.64274,
-1.08693,-5.78359,-1.62809,
-1.07967,-5.88125,-1.60856,
-1.07242,-5.97891,-1.5988,
-1.06275,-6.07656,-1.5988,
-1.05549,-6.17422,-1.60368,
-1.04582,-6.27187,-1.60368,
-1.03615,-6.36953,-1.5988,
-1.02406,-6.46719,-1.59391,
-1.01197,-6.56484,-1.59391,
-1.0023,-6.6625,-1.5988,
-0.99262,-6.76016,-1.58903,
-0.98295,-6.85781,-1.57438,
-0.97328,-6.95547,-1.54509,
-0.96361,-7.05312,-1.52555,
-0.95152,-7.15078,-1.51579,
-0.94185,-7.24844,-1.51091,
-0.93218,-7.29727,-1.50602,
-0.92009,-7.39492,-1.49626,
-0.908,-7.49258,-1.47673,
-0.89349,-7.59023,-1.47184,
-0.8814,-7.63906,-1.47673,
-0.86931,-7.78555,-1.48161,
-0.85722,-7.8832,-1.47184,
-0.84513,-7.98086,-1.44743,
-0.83062,-8.02969,-1.42302,
-0.81611,-8.12734,-1.41325,
-0.80402,-8.225,-1.41325,
-0.79435,-8.27383,-1.40837,
-0.77984,-8.42031,-1.38884,
-0.76292,-8.46914,-1.36442,
-0.74841,-8.5668,-1.34001,
-0.73632,-8.66445,-1.34489,
-0.72665,-8.76211,-1.35466,
-0.71456,-8.81094,-1.34977,
-0.70005,-8.90859,-1.33024,
-0.68554,-8.95742,-1.31071,
-0.67345,-9.05508,-1.29606,
-0.66136,-9.15273,-1.2863,
-0.64927,-9.20156,-1.2863,
-0.63718,-9.29922,-1.27653,
-0.62268,-9.39688,-1.24723,
-0.60817,-9.4457,-1.21794,
-0.59608,-9.54336,-1.20329,
-0.58882,-9.59219,-1.20817,
-0.58157,-9.68984,-1.21794,
-0.5719,-9.73867,-1.20817,
-0.55739,-9.83633,-1.16911,
-0.54288,-9.88516,-1.12516,
-0.53079,-9.98281,-1.1154,
-0.52596,-10.03164,-1.13005,
-0.5187,-10.1293,-1.13005,
-0.50903,-10.17813,-1.11052,
-0.49694,-10.22695,-1.07634,
-0.48727,-10.32461,-1.0568,
-0.48002,-10.37344,-1.04704,
-0.47276,-10.42227,-1.03239,
-0.46067,-10.47109,-1.00309,
-0.44858,-10.56875,-0.96891,
-0.43891,-10.61758,-0.9445,
-0.43166,-10.66641,-0.93473,
-0.42682,-10.71523,-0.92497,
-0.41715,-10.76406,-0.9152,
-0.40506,-10.86172,-0.89567,
-0.3978,-10.91055,-0.88591,
-0.39055,-10.95938,-0.87614,
-0.38571,-11.0082,-0.86149,
-0.37604,-11.05703,-0.84196,
-0.36395,-11.10586,-0.80778,
-0.35186,-11.15469,-0.77848,
-0.34219,-11.20352,-0.75895,
-0.33494,-11.25234,-0.74919,
-0.32527,-11.30117,-0.73454,
-0.31801,-11.35,-0.71501,
-0.30834,-11.39883,-0.68571,
-0.29625,-11.44766,-0.65641,
-0.289,-11.44766,-0.64665,
-0.28174,-11.49648,-0.64665,
-0.27449,-11.54531,-0.632,
-0.25998,-11.59414,-0.59782,
-0.24547,-11.64297,-0.56364,
-0.2358,-11.64297,-0.54899,
-0.23096,-11.6918,-0.55388,
-0.22371,-11.74063,-0.54411,
-0.21404,-11.78945,-0.51481,
-0.20195,-11.78945,-0.48063,
-0.19228,-11.83828,-0.4611,
-0.18502,-11.88711,-0.45622,
-0.17777,-11.88711,-0.45134,
-0.1681,-11.88711,-0.4318,
-0.15601,-11.93594,-0.40739,
-0.14875,-11.98477,-0.38298,
-0.1415,-11.98477,-0.36345,
-0.13425,-11.98477,-0.3488,
-0.12457,-12.03359,-0.33903,
-0.11732,-12.03359,-0.32438,
-0.11007,-12.08242,-0.30485,
-0.10039,-12.08242,-0.28044,
-0.09314,-12.08242,-0.25602,
-0.08347,-12.13125,-0.24137,
-0.07863,-12.13125,-0.23161,
-0.07138,-12.13125,-0.21208,
-0.06654,-12.18008,-0.19255,
-0.05929,-12.18008,-0.1779,
-0.05445,-12.18008,-0.16813,
-0.05445,-12.22891,-0.1779,
-0.05687,-12.18008,-0.19255,
-0.05929,-12.18008,-0.19255,
-0.05687,-12.22891,-0.18766,
-0.05687,-12.22891,-0.18278,
-0.05445,-12.22891,-0.18278,
-0.04236,-12.27773,-0.16325,
-0.02544,-12.22891,-0.10466,
-0.00126,-12.22891,-0.0363,
0.01325,-12.27773,-0.00212,
0.02534,-12.27773,0.01253,
0.03743,-12.22891,0.03695,
0.05677,-12.22891,0.07601,
0.0737,-12.22891,0.11019,
0.09063,-12.22891,0.12972,
0.10272,-12.22891,0.12972,
0.11481,-12.22891,0.1346,
0.12689,-12.22891,0.14925,
0.1414,-12.22891,0.16878,
0.15591,-12.22891,0.18831,
0.17767,-12.18008,0.18831,
0.19702,-12.18008,0.17366,
0.20911,-12.18008,0.17366,
0.21152,-12.13125,0.21761,
0.20427,-12.13125,0.28597,
0.1946,-12.08242,0.33968,
0.18493,-12.08242,0.35433,
0.17767,-12.03359,0.35433,
0.17525,-12.03359,0.36898,
0.17525,-11.98477,0.39827,
0.17525,-11.93594,0.43245,
0.17525,-11.93594,0.46175,
0.17284,-11.93594,0.48128,
0.17284,-11.88711,0.49593,
0.17284,-11.83828,0.51058,
0.17525,-11.78945,0.53011,
0.17767,-11.78945,0.54476,
0.17767,-11.78945,0.55941,
0.17767,-11.74063,0.56429,
0.17767,-11.6918,0.55941,
0.17767,-11.6918,0.54964,
0.18009,-11.64297,0.54964,
0.18009,-11.59414,0.54964,
0.18009,-11.54531,0.55941,
0.18251,-11.49648,0.57894,
0.18251,-11.49648,0.60335,
0.18493,-11.44766,0.62288,
0.18493,-11.39883,0.6473,
0.18734,-11.35,0.67171,
0.18734,-11.30117,0.70101,
0.18734,-11.30117,0.72542,
0.18734,-11.25234,0.74984,
0.18734,-11.15469,0.76448,
0.18976,-11.10586,0.78402,
0.19218,-11.10586,0.79378,
0.19218,-11.05703,0.81331,
0.19218,-11.0082,0.82796,
0.19218,-10.95938,0.83773,
0.1946,-10.91055,0.84749,
0.1946,-10.81289,0.85237,
0.1946,-10.76406,0.86214,
0.1946,-10.71523,0.86702,
0.1946,-10.66641,0.87679,
0.19702,-10.61758,0.89632,
0.19702,-10.56875,0.91585,
0.19702,-10.47109,0.94515,
0.19943,-10.42227,0.96468,
0.19943,-10.37344,0.98421,
0.20185,-10.32461,0.99886,
0.20185,-10.27578,1.01351,
0.20185,-10.17813,1.03304,
0.20185,-10.1293,1.0428,
0.20185,-10.08047,1.05257,
0.20185,-9.98281,1.05745,
0.20427,-9.93398,1.06722,
0.20427,-9.88516,1.07698,
0.20669,-9.7875,1.08675,
0.20669,-9.73867,1.09652,
0.20669,-9.64102,1.10628,
0.20669,-9.59219,1.12581,
0.20911,-9.49453,1.15023,
0.20911,-9.4457,1.17464,
0.20911,-9.39688,1.19905,
0.20911,-9.29922,1.21859,
0.21152,-9.20156,1.23323,
0.21152,-9.15273,1.24788,
0.21152,-9.10391,1.26253,
0.21394,-9.00625,1.2723,
0.21394,-8.90859,1.27718,
0.21394,-8.85977,1.28206,
0.21636,-8.76211,1.28206,
0.21394,-8.71328,1.28206,
0.21394,-8.61563,1.29183,
0.21394,-8.51797,1.30648,
0.21636,-8.42031,1.33089,
0.21878,-8.37148,1.35042,
0.21636,-8.27383,1.36995,
0.21878,-8.17617,1.38948,
0.21878,-8.07852,1.4139,
0.2212,-8.02969,1.43831,
0.2212,-7.93203,1.45784,
0.2212,-7.8832,1.46273,
0.2212,-7.78555,1.45784,
0.2212,-7.63906,1.44808,
0.2212,-7.59023,1.4432,
0.22361,-7.49258,1.45296,
0.22603,-7.39492,1.47249,
0.22603,-7.29727,1.48714,
0.22361,-7.19961,1.48714,
0.22361,-7.15078,1.48714,
0.22361,-7.05312,1.50667,
0.22603,-6.95547,1.55062,
0.22603,-6.80898,1.58968,
0.22603,-6.76016,1.60921,
0.22603,-6.6625,1.61409,
0.22603,-6.56484,1.61898,
0.22845,-6.46719,1.62874,
0.23087,-6.36953,1.64339,
0.23087,-6.27187,1.64339,
0.22845,-6.17422,1.63851,
0.22845,-6.07656,1.62386,
0.22845,-5.97891,1.61898,
0.23087,-5.88125,1.63363,
0.23087,-5.78359,1.65316,
0.23087,-5.63711,1.6678,
0.23087,-5.53945,1.67757,
0.23329,-5.4418,1.68734,
0.23329,-5.34414,1.71175,
0.2357,-5.24648,1.75081,
0.2357,-5.14883,1.77523,
0.2357,-5.05117,1.78011,
0.23329,-4.95352,1.7557,
0.23329,-4.80703,1.74105,
0.23812,-4.70937,1.74593,
0.24054,-4.61172,1.76546,
0.24054,-4.51406,1.77523,
0.23812,-4.36758,1.76058,
0.23812,-4.31875,1.74593,
0.24054,-4.17227,1.75081,
0.24296,-4.07461,1.77523,
0.24296,-3.97695,1.80452,
0.24296,-3.83047,1.81429,
0.24296,-3.73281,1.80941,
0.24296,-3.63516,1.81429,
0.24538,-3.48867,1.8387,
0.24779,-3.39102,1.86312,
0.24779,-3.29336,1.88753,
0.24538,-3.1957,1.8973,
0.24538,-3.04922,1.88265,
0.24779,-2.95156,1.86312,
0.24779,-2.85391,1.84847,
0.25021,-2.75625,1.85335,
0.25021,-2.60977,1.86312,
0.24779,-2.46328,1.868,
0.24779,-2.36562,1.86312,
0.24779,-2.26797,1.86312,
0.24538,-2.12148,1.88265,
0.24538,-2.02383,1.91195,
0.24538,-1.92617,1.93148,
0.24538,-1.77969,1.93148,
0.24538,-1.68203,1.92171,
0.24538,-1.53555,1.91195,
0.24538,-1.43789,1.90706,
0.24538,-1.34023,1.90218,
0.24538,-1.19375,1.88753,
0.24779,-1.09609,1.88265,
0.25021,-0.94961,1.87777,
0.25021,-0.90078,1.88753,
0.25021,-0.7543,1.8973,
0.25021,-0.60781,1.92171,
0.24779,-0.51016,1.94613,
0.24779,-0.4125,1.96566,
0.25021,-0.26602,1.97542,
0.25021,-0.16836,1.97542,
0.25021,-0.0707,1.97054,
0.25021,0.07578,1.95101,
0.25021,0.17344,1.92659,
0.25021,0.27109,1.90218,
0.25263,0.41758,1.89241,
0.25263,0.56406,1.89241,
0.25263,0.66172,1.8973,
0.25263,0.75938,1.88265,
0.25263,0.90586,1.87777,
0.25263,1.00352,1.89241,
0.25505,1.10117,1.92659,
0.25747,1.19883,1.95589,
0.25505,1.34531,1.95589,
0.25505,1.44297,1.94124,
0.25505,1.58945,1.92171,
0.25505,1.68711,1.8973,
0.25747,1.78477,1.88753,
0.25505,1.88242,1.87777,
0.25505,2.02891,1.86312,
0.25505,2.17539,1.8387,
0.25505,2.27305,1.82405,
0.25505,2.3707,1.82894,
0.25505,2.46836,1.86312,
0.25505,2.61484,1.88753,
0.25505,2.7125,1.89241,
0.25505,2.81016,1.88265,
0.25505,2.90781,1.88753,
0.25747,3.0543,1.8973,
0.25505,3.15195,1.89241,
0.25505,3.24961,1.868,
0.25505,3.34727,1.83382,
0.25505,3.49375,1.81429,
0.25505,3.59141,1.79964,
0.25505,3.73789,1.78988,
0.25505,3.83555,1.77523,
0.25505,3.9332,1.77523,
0.25263,4.03086,1.77523,
0.25263,4.17734,1.78011,
0.25505,4.275,1.78988,
0.25505,4.37266,1.80452,
0.25505,4.47031,1.81917,
0.25263,4.56797,1.81429,
0.25505,4.71445,1.78988,
0.25505,4.76328,1.77523,
0.25263,4.90977,1.77034,
0.25505,5.00742,1.77034,
0.25263,5.15391,1.7557,
0.25263,5.25156,1.73616,
0.25263,5.34922,1.71175,
0.25263,5.44688,1.70198,
0.25263,5.54453,1.69222,
0.25263,5.64219,1.68245,
0.25263,5.73984,1.67269,
0.25263,5.8375,1.66292,
0.25263,5.98398,1.66292,
0.25263,6.08164,1.66292,
0.25505,6.1793,1.6678,
0.25263,6.27695,1.66292,
0.25021,6.37461,1.65316,
0.25021,6.47227,1.63363,
0.25263,6.56992,1.61409,
0.25263,6.66758,1.60433,
0.25021,6.76523,1.59945,
0.25021,6.86289,1.58968,
0.25021,6.96055,1.57991,
0.25021,7.0582,1.5848,
0.25021,7.15586,1.58968,
0.25021,7.25352,1.59456,
0.25021,7.35117,1.57991,
0.25021,7.44883,1.56038,
0.25021,7.49766,1.54573,
0.25021,7.59531,1.54085,
0.25021,7.69297,1.53109,
0.24779,7.79063,1.50667,
0.25021,7.88828,1.48714,
0.24779,7.98594,1.47249,
0.24779,8.08359,1.46761,
0.24779,8.18125,1.46273,
0.24779,8.23008,1.45296,
0.24779,8.32773,1.43343,
0.24779,8.42539,1.40902,
0.24779,8.52305,1.38948,
0.24538,8.57187,1.37484,
0.24779,8.66953,1.37484,
0.24779,8.76719,1.36507,
0.24538,8.81602,1.3553,
0.24538,8.91367,1.34554,
0.24538,9.01133,1.34066,
0.24538,9.06016,1.34554,
0.24538,9.15781,1.34066,
0.24538,9.20664,1.32601,
0.24296,9.3043,1.29671,
0.24538,9.40195,1.26741,
0.24296,9.45078,1.24788,
0.24296,9.54844,1.23812,
0.24296,9.64609,1.23812,
0.24296,9.69492,1.22347,
0.24296,9.74375,1.20394,
0.24296,9.84141,1.18929,
0.24296,9.89023,1.19417,
0.24296,9.98789,1.20394,
0.24296,10.03672,1.19905,
0.24296,10.08555,1.17464,
0.24054,10.1832,1.14046,
0.24054,10.23203,1.11116,
0.24054,10.32969,1.09652,
0.24296,10.37852,1.08187,
0.24054,10.42734,1.05745,
0.23812,10.525,1.02816,
0.23812,10.57383,1.00863,
0.23812,10.67148,0.99886,
0.23812,10.72031,1.00863,
0.24054,10.76914,1.01839,
0.24054,10.81797,1.01351,
0.2357,10.91562,0.98421,
0.2357,10.96445,0.95491,
0.23812,11.01328,0.94515,
0.2357,11.06211,0.95491,
0.2357,11.11094,0.95003,
0.2357,11.15977,0.92073,
0.23329,11.20859,0.88167,
0.23329,11.25742,0.85237,
0.23329,11.30625,0.84261,
0.23329,11.40391,0.84261,
0.23329,11.40391,0.83284,
0.23087,11.45273,0.80843,
0.23087,11.50156,0.78402,
0.23087,11.59922,0.76448,
0.23329,11.59922,0.7596,
0.2357,11.64805,0.76448,
0.23329,11.69687,0.75472,
0.23087,11.7457,0.7303,
0.22845,11.79453,0.69612,
0.22845,11.84336,0.67659,
0.22845,11.89219,0.66683,
0.22603,11.89219,0.65706,
0.22603,11.94102,0.63753,
0.22361,11.98984,0.59847,
0.22361,12.03867,0.56917,
0.2212,12.03867,0.55452,
0.22361,12.0875,0.54964,
0.22361,12.13633,0.54964,
0.2212,12.18516,0.53987,
0.21878,12.18516,0.51546,
0.21878,12.23398,0.48616,
0.21878,12.23398,0.4764,
0.21878,12.28281,0.47152,
0.21878,12.28281,0.46175,
0.21636,12.33164,0.43245,
0.21394,12.33164,0.39339,
0.21152,12.38047,0.36898,
0.21394,12.4293,0.36409,
0.21394,12.4293,0.35921,
0.21152,12.4293,0.33968,
0.20911,12.47812,0.31527,
0.20669,12.47812,0.29085,
0.20669,12.47812,0.28597,
0.20669,12.52695,0.28597,
0.20427,12.52695,0.2762,
0.20185,12.52695,0.25179,
0.19943,12.57578,0.21761,
0.19943,12.52695,0.1932,
0.19702,12.57578,0.18343,
0.19702,12.57578,0.17855,
0.1946,12.62461,0.15902,
0.19218,12.62461,0.12972,
0.18734,12.62461,0.10042,
0.18493,12.62461,0.08577,
0.18251,12.62461,0.08577,
0.18009,12.62461,0.08089,
0.17767,12.62461,0.06136,
0.17042,12.62461,0.03206,
0.16316,12.62461,0.00765,
0.15833,12.62461,-0.00212,
0.15349,12.62461,-0.007,
0.14382,12.62461,-0.02165,
0.13173,12.62461,-0.05095,
0.11481,12.62461,-0.08024,
0.09546,12.62461,-0.09489,
0.07612,12.62461,-0.09001,
0.05436,12.62461,-0.08512,
0.03501,12.62461,-0.09977,
0.01809,12.62461,-0.12907,
0.00358,12.57578,-0.16325,
-0.00851,12.57578,-0.18278,
-0.0206,12.57578,-0.19255,
-0.03269,12.52695,-0.20231,
-0.04236,12.52695,-0.23161,
-0.05203,12.52695,-0.25114,
-0.05687,12.52695,-0.26579,
-0.06171,12.47812,-0.26579,
-0.06171,12.47812,-0.25602,
-0.06171,12.47812,-0.25114,
-0.06654,12.4293,-0.26579,
-0.07621,12.4293,-0.29509,
-0.09072,12.4293,-0.32927,
-0.10523,12.4293,-0.36345,
-0.11732,12.38047,-0.38298,
-0.12941,12.33164,-0.40739,
-0.1415,12.28281,-0.43669,
-0.15117,12.28281,-0.46598,
-0.16084,12.28281,-0.49528,
-0.17052,12.23398,-0.51481,
-0.18261,12.18516,-0.53434,
-0.19228,12.18516,-0.55388,
-0.20437,12.13633,-0.57829,
-0.21646,12.0875,-0.58805,
-0.22613,12.03867,-0.58805,
-0.2358,12.03867,-0.58317,
